order_item_id,order_id,product_id,quantity,unit_price
1,1,15,3,22.99
2,1,10,3,27.99
3,1,14,1,219.99
4,1,5,3,49.99
5,2,9,1,21.99
6,2,3,1,29.99
7,3,1,2,19.99
8,3,14,3,219.99
9,4,8,2,89.99
10,5,8,2,89.99
11,6,4,2,39.99
12,6,8,1,89.99
13,6,5,1,49.99
14,6,15,1,22.99
15,7,15,3,22.99
16,7,4,2,39.99
17,7,18,3,18.99
18,8,15,2,22.99
19,8,3,3,29.99
20,8,2,2,74.99
21,8,18,3,18.99
22,9,1,3,19.99
23,9,9,1,21.99
24,10,17,3,15.99
25,10,15,2,22.99
26,10,9,3,21.99
27,10,3,2,29.99
28,11,11,1,9.99
29,11,18,2,18.99
30,11,4,2,39.99
31,11,14,3,219.99
32,12,15,1,22.99
33,13,13,3,149.99
34,14,14,2,219.99
35,14,2,3,74.99
36,14,7,2,24.99
37,14,9,3,21.99
38,15,9,2,21.99
39,15,5,2,49.99
40,16,8,3,89.99
41,17,18,2,18.99
42,18,4,3,39.99
43,18,5,2,49.99
44,18,16,3,12.99
45,18,15,3,22.99
46,19,8,1,89.99
47,19,15,3,22.99
48,19,5,3,49.99
49,19,7,3,24.99
50,20,14,1,219.99
51,20,11,2,9.99
52,20,9,3,21.99
53,21,5,2,49.99
54,21,15,3,22.99
55,21,16,3,12.99
56,21,6,2,34.99
57,22,13,2,149.99
58,22,8,1,89.99
59,23,13,1,149.99
60,23,5,3,49.99
61,23,16,3,12.99
62,23,1,2,19.99
63,24,17,2,15.99
64,25,5,2,49.99
65,25,3,2,29.99
66,25,16,3,12.99
67,25,13,3,149.99
68,26,18,3,18.99
69,26,13,3,149.99
70,26,11,2,9.99
71,27,8,3,89.99
72,28,3,1,29.99
73,28,14,3,219.99
74,29,6,2,34.99
75,29,10,1,27.99
76,29,1,2,19.99
77,29,16,2,12.99
78,30,17,3,15.99
79,30,14,3,219.99
80,31,13,3,149.99
81,32,8,3,89.99
82,32,15,2,22.99
83,33,10,2,27.99
84,33,6,3,34.99
85,33,3,2,29.99
86,33,8,3,89.99
87,34,10,2,27.99
88,34,7,1,24.99
89,34,13,1,149.99
90,34,14,2,219.99
91,35,10,2,27.99
92,35,1,1,19.99
93,35,13,3,149.99
94,36,10,3,27.99
95,36,8,1,89.99
96,36,12,3,14.99
97,36,4,2,39.99
98,37,2,2,74.99
99,38,5,2,49.99
100,38,3,3,29.99
101,38,10,2,27.99
102,39,17,1,15.99
103,39,18,2,18.99
104,39,9,2,21.99
105,40,15,1,22.99
106,41,18,2,18.99
107,41,12,1,14.99
108,41,3,2,29.99
109,41,13,3,149.99
110,42,13,3,149.99
111,42,12,1,14.99
112,42,4,2,39.99
113,43,8,3,89.99
114,43,3,2,29.99
115,43,15,3,22.99
116,44,2,2,74.99
117,45,18,2,18.99
118,45,5,2,49.99
119,46,5,2,49.99
120,46,14,3,219.99
121,46,4,2,39.99
122,46,17,2,15.99
123,47,15,1,22.99
124,47,18,2,18.99
125,48,2,1,74.99
126,48,13,1,149.99
127,48,9,2,21.99
128,49,2,2,74.99
129,50,3,3,29.99
130,50,7,1,24.99
131,51,9,1,21.99
132,52,4,1,39.99
133,52,1,1,19.99
134,53,1,1,19.99
135,53,6,1,34.99
136,53,9,3,21.99
137,54,16,2,12.99
138,55,15,3,22.99
139,56,15,2,22.99
140,56,1,2,19.99
141,56,2,2,74.99
142,57,3,1,29.99
143,57,18,1,18.99
144,57,11,1,9.99
145,57,10,2,27.99
146,58,13,2,149.99
147,58,17,3,15.99
148,58,10,3,27.99
149,59,14,1,219.99
150,59,15,2,22.99
151,60,14,2,219.99
152,60,4,3,39.99
153,60,11,2,9.99
154,60,7,2,24.99
155,61,3,1,29.99
156,62,5,3,49.99
157,62,2,1,74.99
158,62,11,2,9.99
159,63,10,3,27.99
160,64,5,1,49.99
161,64,16,1,12.99
162,65,4,2,39.99
163,65,9,3,21.99
164,65,8,3,89.99
165,66,9,1,21.99
166,67,12,1,14.99
167,67,1,3,19.99
168,67,6,3,34.99
169,68,3,3,29.99
170,69,15,2,22.99
171,69,11,3,9.99
172,69,6,2,34.99
173,69,16,3,12.99
174,70,6,3,34.99
175,70,2,1,74.99
176,71,15,3,22.99
177,71,14,1,219.99
178,71,9,2,21.99
179,71,4,2,39.99
180,72,17,2,15.99
181,72,10,3,27.99
182,72,2,1,74.99
183,72,4,1,39.99
184,73,9,2,21.99
185,73,10,1,27.99
186,74,5,3,49.99
187,74,13,3,149.99
188,75,3,2,29.99
189,75,13,1,149.99
190,75,2,2,74.99
191,76,13,2,149.99
192,76,14,1,219.99
193,76,10,2,27.99
194,76,2,1,74.99
195,77,14,1,219.99
196,78,17,2,15.99
197,78,3,3,29.99
198,78,13,2,149.99
199,78,14,1,219.99
200,79,17,3,15.99
201,80,12,3,14.99
202,80,18,3,18.99
203,81,9,1,21.99
204,81,7,3,24.99
205,82,16,3,12.99
206,82,15,3,22.99
207,83,11,1,9.99
208,83,5,2,49.99
209,83,15,2,22.99
210,84,12,3,14.99
211,85,2,2,74.99
212,85,18,1,18.99
213,85,12,3,14.99
214,85,14,1,219.99
215,86,15,3,22.99
216,86,2,3,74.99
217,86,18,1,18.99
218,86,16,2,12.99
219,87,2,1,74.99
220,87,15,2,22.99
221,88,2,3,74.99
222,88,8,2,89.99
223,89,12,2,14.99
224,89,18,2,18.99
225,90,11,1,9.99
226,91,10,1,27.99
227,91,9,3,21.99
228,91,5,3,49.99
229,91,6,1,34.99
230,92,3,3,29.99
231,92,10,2,27.99
232,93,17,3,15.99
233,93,3,3,29.99
234,94,12,2,14.99
235,95,7,1,24.99
236,95,8,2,89.99
237,95,5,1,49.99
238,95,3,3,29.99
239,96,11,3,9.99
240,97,6,3,34.99
241,97,18,3,18.99
242,98,14,2,219.99
243,99,10,1,27.99
244,99,15,2,22.99
245,99,8,2,89.99
246,99,9,1,21.99
247,100,15,3,22.99
248,100,10,2,27.99
249,100,13,1,149.99
250,100,9,1,21.99
251,101,16,2,12.99
252,102,10,1,27.99
253,103,17,1,15.99
254,103,5,2,49.99
255,103,14,2,219.99
256,103,2,1,74.99
257,104,8,2,89.99
258,104,13,1,149.99
259,104,3,1,29.99
260,105,5,2,49.99
261,105,2,2,74.99
262,106,15,2,22.99
263,106,1,1,19.99
264,106,3,1,29.99
265,106,17,3,15.99
266,107,4,1,39.99
267,107,10,1,27.99
268,107,8,1,89.99
269,107,5,2,49.99
270,108,3,3,29.99
271,108,4,1,39.99
272,108,16,3,12.99
273,108,10,3,27.99
274,109,14,1,219.99
275,109,1,3,19.99
276,109,12,2,14.99
277,110,3,2,29.99
278,110,17,2,15.99
279,110,1,1,19.99
280,111,1,2,19.99
281,111,12,1,14.99
282,111,3,3,29.99
283,112,5,3,49.99
284,112,2,2,74.99
285,112,12,3,14.99
286,113,6,2,34.99
287,113,5,1,49.99
288,113,3,2,29.99
289,113,12,1,14.99
290,114,11,2,9.99
291,115,9,2,21.99
292,115,2,1,74.99
293,115,7,3,24.99
294,115,5,2,49.99
295,116,13,1,149.99
296,116,15,2,22.99
297,116,18,3,18.99
298,116,6,2,34.99
299,117,3,2,29.99
300,117,14,3,219.99
301,117,18,1,18.99
302,118,3,2,29.99
303,119,14,2,219.99
304,119,6,1,34.99
305,119,15,3,22.99
306,119,17,2,15.99
307,120,3,3,29.99
308,121,1,3,19.99
309,121,5,3,49.99
310,122,8,3,89.99
311,123,5,3,49.99
312,124,3,2,29.99
313,124,5,3,49.99
314,124,12,2,14.99
315,124,7,1,24.99
316,125,17,2,15.99
317,125,13,3,149.99
318,125,4,2,39.99
319,125,5,1,49.99
320,126,4,1,39.99
321,126,5,2,49.99
322,127,11,3,9.99
323,128,10,2,27.99
324,128,6,3,34.99
325,128,17,1,15.99
326,129,16,2,12.99
327,129,1,3,19.99
328,130,3,2,29.99
329,130,18,2,18.99
330,131,14,3,219.99
331,131,3,1,29.99
332,131,5,2,49.99
333,131,6,2,34.99
334,132,18,1,18.99
335,132,6,2,34.99
336,133,17,1,15.99
337,134,8,1,89.99
338,134,12,2,14.99
339,134,10,1,27.99
340,135,10,3,27.99
341,135,3,3,29.99
342,136,6,3,34.99
343,136,11,1,9.99
344,137,7,2,24.99
345,137,14,3,219.99
346,137,1,3,19.99
347,138,8,1,89.99
348,138,13,3,149.99
349,138,10,1,27.99
350,138,18,1,18.99
351,139,7,3,24.99
352,139,11,2,9.99
353,139,5,3,49.99
354,139,6,2,34.99
355,140,11,1,9.99
356,141,8,2,89.99
357,141,5,2,49.99
358,141,4,3,39.99
359,141,1,2,19.99
360,142,11,2,9.99
361,142,7,3,24.99
362,142,6,2,34.99
363,143,1,2,19.99
364,143,3,1,29.99
365,143,13,1,149.99
366,143,9,3,21.99
367,144,16,3,12.99
368,144,18,1,18.99
369,144,10,1,27.99
370,145,13,2,149.99
371,145,12,1,14.99
372,145,2,3,74.99
373,146,3,3,29.99
374,146,13,2,149.99
375,146,15,3,22.99
376,147,4,2,39.99
377,147,13,2,149.99
378,148,17,3,15.99
379,148,13,1,149.99
380,149,16,1,12.99
381,149,17,3,15.99
382,149,15,3,22.99
383,150,6,3,34.99
384,150,13,2,149.99
385,150,10,3,27.99
386,151,16,2,12.99
387,151,1,3,19.99
388,151,12,1,14.99
389,152,16,2,12.99
390,153,2,1,74.99
391,153,16,3,12.99
392,154,5,3,49.99
393,154,8,1,89.99
394,154,2,1,74.99
395,154,10,1,27.99
396,155,14,2,219.99
397,155,7,3,24.99
398,156,5,3,49.99
399,157,17,2,15.99
400,157,13,3,149.99
401,157,11,2,9.99
402,157,3,3,29.99
403,158,7,2,24.99
404,158,8,1,89.99
405,158,9,2,21.99
406,158,16,2,12.99
407,159,16,2,12.99
408,159,12,1,14.99
409,159,9,3,21.99
410,160,12,2,14.99
411,160,5,3,49.99
412,160,10,1,27.99
413,160,1,2,19.99
414,161,7,3,24.99
415,161,18,3,18.99
416,161,9,2,21.99
417,161,15,1,22.99
418,162,8,3,89.99
419,162,2,3,74.99
420,163,4,2,39.99
421,164,5,1,49.99
422,165,16,2,12.99
423,165,7,3,24.99
424,165,10,1,27.99
425,165,6,1,34.99
426,166,6,2,34.99
427,167,16,1,12.99
428,167,6,1,34.99
429,167,10,2,27.99
430,167,15,3,22.99
431,168,15,1,22.99
432,168,17,3,15.99
433,168,16,2,12.99
434,169,6,3,34.99
435,169,15,1,22.99
436,169,9,1,21.99
437,170,6,2,34.99
438,170,13,3,149.99
439,171,6,1,34.99
440,172,9,2,21.99
441,173,10,3,27.99
442,173,1,2,19.99
443,173,9,3,21.99
444,174,10,3,27.99
445,174,6,3,34.99
446,174,13,2,149.99
447,174,11,3,9.99
448,175,8,2,89.99
449,175,18,1,18.99
450,175,5,2,49.99
451,176,18,1,18.99
452,176,16,3,12.99
453,176,7,3,24.99
454,176,13,1,149.99
455,177,3,3,29.99
456,177,4,3,39.99
457,177,2,1,74.99
458,178,11,2,9.99
459,178,17,1,15.99
460,179,3,1,29.99
461,179,17,2,15.99
462,179,15,1,22.99
463,179,13,3,149.99
464,180,18,2,18.99
465,181,13,2,149.99
466,182,2,2,74.99
467,183,3,2,29.99
468,184,5,2,49.99
469,184,14,2,219.99
470,185,3,1,29.99
471,185,5,3,49.99
472,185,12,2,14.99
473,185,2,3,74.99
474,186,1,2,19.99
475,187,18,2,18.99
476,187,13,2,149.99
477,187,8,1,89.99
478,187,4,2,39.99
479,188,14,3,219.99
480,189,7,1,24.99
481,189,3,3,29.99
482,190,8,3,89.99
483,191,18,1,18.99
484,191,7,1,24.99
485,192,11,1,9.99
486,192,8,3,89.99
487,192,10,3,27.99
488,193,2,3,74.99
489,193,6,2,34.99
490,193,14,1,219.99
491,194,14,2,219.99
492,194,18,2,18.99
493,194,5,1,49.99
494,195,8,3,89.99
495,195,10,1,27.99
496,196,14,1,219.99
497,196,17,2,15.99
498,196,5,1,49.99
499,196,7,2,24.99
500,197,3,2,29.99
501,197,7,2,24.99
502,197,2,3,74.99
503,198,7,3,24.99
504,199,16,2,12.99
505,199,7,2,24.99
506,200,16,1,12.99
507,201,8,2,89.99
508,201,11,3,9.99
509,201,10,3,27.99
510,201,7,2,24.99
511,202,15,2,22.99
512,202,4,1,39.99
513,202,16,2,12.99
514,202,13,2,149.99
515,203,5,2,49.99
516,203,1,3,19.99
517,204,5,1,49.99
518,204,7,2,24.99
519,204,11,3,9.99
520,205,9,2,21.99
521,205,16,1,12.99
522,205,17,3,15.99
523,206,6,1,34.99
524,206,2,3,74.99
525,206,17,1,15.99
526,206,14,1,219.99
527,207,5,1,49.99
528,208,2,1,74.99
529,208,16,1,12.99
530,208,17,3,15.99
531,209,17,3,15.99
532,210,17,3,15.99
533,211,4,3,39.99
534,212,12,1,14.99
535,212,9,2,21.99
536,212,13,2,149.99
537,213,10,3,27.99
538,213,3,3,29.99
539,214,13,3,149.99
540,214,18,1,18.99
541,214,16,3,12.99
542,214,1,1,19.99
543,215,4,1,39.99
544,215,17,1,15.99
545,215,2,3,74.99
546,216,3,3,29.99
547,217,6,2,34.99
548,218,13,2,149.99
549,218,3,1,29.99
550,219,18,3,18.99
551,219,11,1,9.99
552,219,13,3,149.99
553,219,16,3,12.99
554,220,4,2,39.99
555,221,13,3,149.99
556,221,11,2,9.99
557,221,1,2,19.99
558,222,14,3,219.99
559,222,6,2,34.99
560,222,13,1,149.99
561,222,2,3,74.99
562,223,13,3,149.99
563,223,5,2,49.99
564,224,1,2,19.99
565,225,5,1,49.99
566,226,4,3,39.99
567,226,1,1,19.99
568,226,3,3,29.99
569,226,6,3,34.99
570,227,10,2,27.99
571,228,17,3,15.99
572,228,6,2,34.99
573,229,9,1,21.99
574,229,16,1,12.99
575,229,5,2,49.99
576,230,3,3,29.99
577,230,12,3,14.99
578,230,9,2,21.99
579,230,4,3,39.99
580,231,5,2,49.99
581,232,11,3,9.99
582,232,15,3,22.99
583,232,18,1,18.99
584,232,7,2,24.99
585,233,11,2,9.99
586,233,6,3,34.99
587,233,13,3,149.99
588,233,17,3,15.99
589,234,13,2,149.99
590,234,9,1,21.99
591,234,18,3,18.99
592,235,18,3,18.99
593,235,1,2,19.99
594,236,3,1,29.99
595,236,14,3,219.99
596,236,16,2,12.99
597,237,13,2,149.99
598,237,3,3,29.99
599,237,15,2,22.99
600,237,10,3,27.99
601,238,12,3,14.99
602,239,8,3,89.99
603,240,13,2,149.99
604,241,9,1,21.99
605,242,15,2,22.99
606,242,12,2,14.99
607,243,12,2,14.99
608,243,1,1,19.99
609,244,5,2,49.99
610,245,17,2,15.99
611,245,16,2,12.99
612,246,3,3,29.99
613,246,10,1,27.99
614,246,2,1,74.99
615,247,8,1,89.99
616,247,17,3,15.99
617,248,15,1,22.99
618,248,8,1,89.99
619,248,13,3,149.99
620,248,11,3,9.99
621,249,15,2,22.99
622,249,14,1,219.99
623,250,3,2,29.99
624,250,4,2,39.99
625,250,6,1,34.99
626,251,17,2,15.99
627,251,11,3,9.99
628,251,13,1,149.99
629,251,10,2,27.99
630,252,10,3,27.99
631,252,3,1,29.99
632,253,4,3,39.99
633,253,6,1,34.99
634,253,12,3,14.99
635,254,13,1,149.99
636,254,14,2,219.99
637,255,16,1,12.99
638,255,10,1,27.99
639,256,12,1,14.99
640,257,18,3,18.99
641,257,17,2,15.99
642,257,16,2,12.99
643,257,7,3,24.99
644,258,1,1,19.99
645,259,18,1,18.99
646,259,10,2,27.99
647,260,4,2,39.99
648,261,15,3,22.99
649,262,10,2,27.99
650,262,2,2,74.99
651,263,4,3,39.99
652,263,8,3,89.99
653,263,7,3,24.99
654,263,13,2,149.99
655,264,5,1,49.99
656,264,7,1,24.99
657,265,18,3,18.99
658,265,6,2,34.99
659,265,11,2,9.99
660,266,5,2,49.99
661,267,8,3,89.99
662,267,5,2,49.99
663,268,5,2,49.99
664,268,9,1,21.99
665,268,14,3,219.99
666,268,7,1,24.99
667,269,15,3,22.99
668,269,16,1,12.99
669,269,11,3,9.99
670,270,3,2,29.99
671,270,13,1,149.99
672,270,7,2,24.99
673,271,18,2,18.99
674,271,5,3,49.99
675,271,16,1,12.99
676,272,4,1,39.99
677,273,7,2,24.99
678,273,5,1,49.99
679,273,10,3,27.99
680,273,3,2,29.99
681,274,2,3,74.99
682,274,13,2,149.99
683,275,3,2,29.99
684,275,4,1,39.99
685,275,1,1,19.99
686,275,17,3,15.99
687,276,1,3,19.99
688,277,5,2,49.99
689,277,16,1,12.99
690,277,3,3,29.99
691,277,4,1,39.99
692,278,5,3,49.99
693,278,13,3,149.99
694,278,18,1,18.99
695,279,6,2,34.99
696,280,14,1,219.99
697,280,15,1,22.99
698,281,12,1,14.99
699,281,14,1,219.99
700,281,11,2,9.99
701,281,13,3,149.99
702,282,1,3,19.99
703,282,10,3,27.99
704,282,7,3,24.99
705,283,2,2,74.99
706,283,8,1,89.99
707,283,16,1,12.99
708,284,17,1,15.99
709,285,14,2,219.99
710,285,12,1,14.99
711,285,6,1,34.99
712,285,13,3,149.99
713,286,2,2,74.99
714,286,18,3,18.99
715,287,14,3,219.99
716,287,13,3,149.99
717,287,3,3,29.99
718,287,11,1,9.99
719,288,17,1,15.99
720,289,3,1,29.99
721,289,10,1,27.99
722,289,14,1,219.99
723,289,12,1,14.99
724,290,10,3,27.99
725,291,1,3,19.99
726,292,16,3,12.99
727,292,12,3,14.99
728,293,5,1,49.99
729,293,9,2,21.99
730,293,4,2,39.99
731,294,3,3,29.99
732,294,16,2,12.99
733,294,15,1,22.99
734,295,12,2,14.99
735,295,6,1,34.99
736,296,17,1,15.99
737,296,1,1,19.99
738,297,13,1,149.99
739,297,5,3,49.99
740,297,6,3,34.99
741,298,11,2,9.99
742,298,8,3,89.99
743,299,4,1,39.99
744,299,17,1,15.99
745,299,2,3,74.99
746,300,10,3,27.99
747,300,18,2,18.99
748,300,11,1,9.99
749,300,2,2,74.99
750,301,8,3,89.99
751,301,15,2,22.99
752,301,12,1,14.99
753,302,5,2,49.99
754,302,1,1,19.99
755,303,11,1,9.99
756,304,4,2,39.99
757,304,7,2,24.99
758,304,8,1,89.99
759,305,2,1,74.99
760,306,3,2,29.99
761,306,4,1,39.99
762,306,5,3,49.99
763,306,11,3,9.99
764,307,10,2,27.99
765,307,9,2,21.99
766,308,15,1,22.99
767,308,9,1,21.99
768,308,8,1,89.99
769,309,5,1,49.99
770,310,14,1,219.99
771,310,4,2,39.99
772,310,12,2,14.99
773,311,6,3,34.99
774,312,7,2,24.99
775,313,13,3,149.99
776,313,17,2,15.99
777,313,2,2,74.99
778,314,18,1,18.99
779,314,8,1,89.99
780,314,4,1,39.99
781,314,17,1,15.99
782,315,7,2,24.99
783,315,13,3,149.99
784,316,3,1,29.99
785,316,1,3,19.99
786,316,18,2,18.99
787,317,2,2,74.99
788,318,13,3,149.99
789,318,16,2,12.99
790,318,1,1,19.99
791,318,7,2,24.99
792,319,9,1,21.99
793,319,15,3,22.99
794,319,5,3,49.99
795,320,14,2,219.99
796,320,16,2,12.99
797,320,2,1,74.99
798,320,17,2,15.99
799,321,18,2,18.99
800,321,1,3,19.99
801,322,12,2,14.99
802,322,17,1,15.99
803,322,11,1,9.99
804,322,7,2,24.99
805,323,2,3,74.99
806,323,16,1,12.99
807,323,12,1,14.99
808,324,18,3,18.99
809,324,2,2,74.99
810,324,8,2,89.99
811,325,12,3,14.99
812,325,1,3,19.99
813,325,18,1,18.99
814,326,6,1,34.99
815,326,16,1,12.99
816,326,2,1,74.99
817,327,1,1,19.99
818,327,11,2,9.99
819,327,7,3,24.99
820,327,13,1,149.99
821,328,5,3,49.99
822,328,4,2,39.99
823,329,11,2,9.99
824,330,16,3,12.99
825,330,11,3,9.99
826,330,6,3,34.99
827,330,12,2,14.99
828,331,13,3,149.99
829,331,10,3,27.99
830,332,13,3,149.99
831,333,8,1,89.99
832,333,4,2,39.99
833,333,16,3,12.99
834,334,6,2,34.99
835,334,3,1,29.99
836,334,11,2,9.99
837,335,9,1,21.99
838,335,4,2,39.99
839,335,1,2,19.99
840,336,16,2,12.99
841,336,13,1,149.99
842,336,12,2,14.99
843,336,9,3,21.99
844,337,15,1,22.99
845,337,3,2,29.99
846,338,3,2,29.99
847,339,3,2,29.99
848,339,18,3,18.99
849,340,14,3,219.99
850,341,2,2,74.99
851,341,4,1,39.99
852,342,10,1,27.99
853,342,18,1,18.99
854,342,8,2,89.99
855,343,2,1,74.99
856,343,12,2,14.99
857,344,7,1,24.99
858,344,4,3,39.99
859,344,1,2,19.99
860,344,17,1,15.99
861,345,13,3,149.99
862,345,16,2,12.99
863,345,17,1,15.99
864,346,12,2,14.99
865,346,13,1,149.99
866,347,15,2,22.99
867,347,9,3,21.99
868,347,8,1,89.99
869,347,14,1,219.99
870,348,12,3,14.99
871,349,18,2,18.99
872,349,2,3,74.99
873,350,16,1,12.99
874,350,10,2,27.99
875,351,4,1,39.99
876,351,15,1,22.99
877,352,2,1,74.99
878,352,14,3,219.99
879,353,11,2,9.99
880,353,3,3,29.99
881,353,17,2,15.99
882,354,1,2,19.99
883,354,17,1,15.99
884,354,14,1,219.99
885,354,2,3,74.99
886,355,4,2,39.99
887,356,9,3,21.99
888,356,13,2,149.99
889,356,16,1,12.99
890,356,10,1,27.99
891,357,2,1,74.99
892,357,13,1,149.99
893,357,11,3,9.99
894,357,12,2,14.99
895,358,11,2,9.99
896,359,8,1,89.99
897,360,9,1,21.99
898,360,14,2,219.99
899,360,3,1,29.99
900,361,2,1,74.99
901,361,17,2,15.99
902,361,6,3,34.99
903,362,6,1,34.99
904,363,2,1,74.99
905,363,15,2,22.99
906,364,15,3,22.99
907,364,17,1,15.99
908,364,13,3,149.99
909,365,15,3,22.99
910,365,6,2,34.99
911,365,16,2,12.99
912,365,10,1,27.99
913,366,1,1,19.99
914,366,13,3,149.99
915,366,2,1,74.99
916,367,9,3,21.99
917,367,14,1,219.99
918,368,5,2,49.99
919,368,6,3,34.99
920,368,1,2,19.99
921,368,4,3,39.99
922,369,13,1,149.99
923,369,12,2,14.99
924,369,15,2,22.99
925,369,5,3,49.99
926,370,4,3,39.99
927,370,1,3,19.99
928,370,12,3,14.99
929,370,9,2,21.99
930,371,3,2,29.99
931,371,11,2,9.99
932,371,9,2,21.99
933,371,17,3,15.99
934,372,5,1,49.99
935,372,17,1,15.99
936,373,1,2,19.99
937,373,16,2,12.99
938,374,7,2,24.99
939,375,12,1,14.99
940,375,17,3,15.99
941,375,10,3,27.99
942,375,14,1,219.99
943,376,9,3,21.99
944,376,6,2,34.99
945,377,8,2,89.99
946,377,10,2,27.99
947,377,14,2,219.99
948,378,16,1,12.99
949,379,16,1,12.99
950,380,14,1,219.99
951,380,2,1,74.99
952,380,5,2,49.99
953,381,11,1,9.99
954,381,6,2,34.99
955,382,2,2,74.99
956,382,1,1,19.99
957,382,15,1,22.99
958,383,3,2,29.99
959,383,5,2,49.99
960,383,14,2,219.99
961,383,11,2,9.99
962,384,12,2,14.99
963,384,1,3,19.99
964,385,8,2,89.99
965,385,12,1,14.99
966,386,6,2,34.99
967,386,3,2,29.99
968,386,2,2,74.99
969,387,14,2,219.99
970,387,5,2,49.99
971,387,11,1,9.99
972,388,8,1,89.99
973,389,17,1,15.99
974,390,9,1,21.99
975,390,2,3,74.99
976,390,17,1,15.99
977,390,11,1,9.99
978,391,13,3,149.99
979,391,4,1,39.99
980,391,9,1,21.99
981,391,8,3,89.99
982,392,14,3,219.99
983,392,4,3,39.99
984,392,9,3,21.99
985,393,10,1,27.99
986,394,9,1,21.99
987,394,17,2,15.99
988,395,2,1,74.99
989,395,16,3,12.99
990,396,1,3,19.99
991,397,5,3,49.99
992,397,3,1,29.99
993,397,17,2,15.99
994,397,12,3,14.99
995,398,15,1,22.99
996,398,2,1,74.99
997,398,4,2,39.99
998,399,4,1,39.99
999,399,18,3,18.99
1000,399,2,3,74.99
1001,399,1,1,19.99
1002,400,3,1,29.99
1003,400,12,1,14.99
1004,400,11,2,9.99
1005,401,16,1,12.99
1006,401,14,3,219.99
1007,401,6,3,34.99
1008,401,2,1,74.99
1009,402,15,2,22.99
1010,402,6,3,34.99
1011,402,13,1,149.99
1012,402,16,3,12.99
1013,403,16,1,12.99
1014,403,4,1,39.99
1015,403,14,2,219.99
1016,403,8,3,89.99
1017,404,11,3,9.99
1018,404,17,3,15.99
1019,405,8,3,89.99
1020,405,16,3,12.99
1021,405,12,2,14.99
1022,405,11,1,9.99
1023,406,1,3,19.99
1024,407,6,1,34.99
1025,407,3,2,29.99
1026,407,16,2,12.99
1027,407,18,1,18.99
1028,408,13,2,149.99
1029,408,8,3,89.99
1030,408,3,2,29.99
1031,408,17,1,15.99
1032,409,16,3,12.99
1033,410,14,1,219.99
1034,410,2,3,74.99
1035,410,1,3,19.99
1036,410,18,3,18.99
1037,411,15,2,22.99
1038,411,11,1,9.99
1039,412,18,3,18.99
1040,412,16,2,12.99
1041,412,12,1,14.99
1042,413,11,2,9.99
1043,414,4,2,39.99
1044,414,2,1,74.99
1045,414,6,3,34.99
1046,415,9,3,21.99
1047,416,7,2,24.99
1048,416,15,1,22.99
1049,416,18,2,18.99
1050,416,12,1,14.99
1051,417,15,2,22.99
1052,418,16,3,12.99
1053,418,1,3,19.99
1054,419,17,1,15.99
1055,419,6,1,34.99
1056,419,18,2,18.99
1057,419,12,3,14.99
1058,420,14,2,219.99
1059,420,8,2,89.99
1060,420,9,2,21.99
1061,420,7,1,24.99
1062,421,18,1,18.99
1063,421,11,1,9.99
1064,421,7,3,24.99
1065,422,6,3,34.99
1066,422,17,3,15.99
1067,423,18,3,18.99
1068,423,16,3,12.99
1069,423,14,3,219.99
1070,424,17,1,15.99
1071,425,2,1,74.99
1072,426,9,3,21.99
1073,426,5,2,49.99
1074,426,2,1,74.99
1075,427,15,3,22.99
1076,427,4,3,39.99
1077,427,8,3,89.99
1078,428,2,2,74.99
1079,428,13,3,149.99
1080,428,17,2,15.99
1081,429,7,3,24.99
1082,429,15,3,22.99
1083,429,8,3,89.99
1084,430,7,2,24.99
1085,430,10,1,27.99
1086,431,17,2,15.99
1087,431,4,1,39.99
1088,432,5,1,49.99
1089,432,6,2,34.99
1090,432,9,2,21.99
1091,433,11,3,9.99
1092,433,2,3,74.99
1093,434,3,1,29.99
1094,434,11,3,9.99
1095,434,8,1,89.99
1096,435,3,1,29.99
1097,435,12,3,14.99
1098,435,8,2,89.99
1099,435,15,2,22.99
1100,436,18,2,18.99
1101,436,1,2,19.99
1102,436,4,1,39.99
1103,436,11,3,9.99
1104,437,2,2,74.99
1105,437,11,1,9.99
1106,438,1,3,19.99
1107,438,17,3,15.99
1108,438,12,2,14.99
1109,439,11,1,9.99
1110,439,17,1,15.99
1111,440,3,1,29.99
1112,441,4,1,39.99
1113,441,7,3,24.99
1114,441,14,3,219.99
1115,441,11,1,9.99
1116,442,3,1,29.99
1117,443,8,2,89.99
1118,444,14,3,219.99
1119,444,11,1,9.99
1120,444,1,3,19.99
1121,444,7,1,24.99
1122,445,2,3,74.99
1123,446,10,3,27.99
1124,447,15,3,22.99
1125,447,13,1,149.99
1126,447,17,2,15.99
1127,448,13,3,149.99
1128,448,10,1,27.99
1129,449,18,3,18.99
1130,450,13,3,149.99
1131,451,12,2,14.99
1132,451,7,3,24.99
1133,452,8,1,89.99
1134,452,9,1,21.99
1135,453,18,2,18.99
1136,454,3,1,29.99
1137,454,9,3,21.99
1138,454,4,3,39.99
1139,455,8,2,89.99
1140,455,4,3,39.99
1141,456,16,3,12.99
1142,456,15,3,22.99
1143,456,11,2,9.99
1144,457,11,1,9.99
1145,457,14,2,219.99
1146,457,6,1,34.99
1147,458,12,2,14.99
1148,458,5,2,49.99
1149,458,11,2,9.99
1150,459,18,3,18.99
1151,459,4,1,39.99
1152,459,6,2,34.99
1153,459,11,1,9.99
1154,460,3,1,29.99
1155,461,7,3,24.99
1156,461,2,2,74.99
1157,461,9,3,21.99
1158,461,16,1,12.99
1159,462,5,2,49.99
1160,462,15,2,22.99
1161,462,3,3,29.99
1162,463,17,2,15.99
1163,463,5,1,49.99
1164,464,16,1,12.99
1165,464,12,1,14.99
1166,465,9,2,21.99
1167,466,13,1,149.99
1168,466,16,1,12.99
1169,466,15,3,22.99
1170,467,9,3,21.99
1171,467,6,2,34.99
1172,467,13,2,149.99
1173,468,13,2,149.99
1174,468,8,2,89.99
1175,468,18,2,18.99
1176,469,17,1,15.99
1177,470,17,3,15.99
1178,471,6,3,34.99
1179,471,12,3,14.99
1180,472,11,2,9.99
1181,472,4,2,39.99
1182,472,16,1,12.99
1183,472,18,3,18.99
1184,473,8,1,89.99
1185,474,5,1,49.99
1186,474,17,3,15.99
1187,475,6,3,34.99
1188,475,17,3,15.99
1189,475,13,3,149.99
1190,476,7,2,24.99
1191,477,8,3,89.99
1192,477,14,1,219.99
1193,478,6,3,34.99
1194,478,11,3,9.99
1195,478,15,1,22.99
1196,479,4,1,39.99
1197,479,1,3,19.99
1198,480,4,2,39.99
1199,480,6,3,34.99
1200,481,3,2,29.99
1201,482,14,3,219.99
1202,483,8,3,89.99
1203,483,16,3,12.99
1204,483,13,3,149.99
1205,483,6,3,34.99
1206,484,16,2,12.99
1207,484,8,3,89.99
1208,484,3,3,29.99
1209,485,1,3,19.99
1210,486,13,3,149.99
1211,487,12,3,14.99
1212,487,4,3,39.99
1213,487,5,2,49.99
1214,487,7,2,24.99
1215,488,9,2,21.99
1216,488,13,3,149.99
1217,488,7,3,24.99
1218,489,9,3,21.99
1219,489,10,2,27.99
1220,489,12,3,14.99
1221,489,13,1,149.99
1222,490,6,2,34.99
1223,490,4,2,39.99
1224,490,7,3,24.99
1225,490,9,3,21.99
1226,491,13,1,149.99
1227,491,1,1,19.99
1228,492,3,2,29.99
1229,493,13,2,149.99
1230,494,2,2,74.99
1231,494,6,1,34.99
1232,494,16,1,12.99
1233,495,7,3,24.99
1234,495,2,1,74.99
1235,495,8,3,89.99
1236,496,6,1,34.99
1237,497,13,3,149.99
1238,497,18,1,18.99
1239,497,7,3,24.99
1240,498,18,2,18.99
1241,498,12,1,14.99
1242,498,17,3,15.99
1243,499,9,1,21.99
1244,500,17,2,15.99
1245,501,18,2,18.99
1246,501,9,3,21.99
1247,501,15,2,22.99
1248,502,15,2,22.99
1249,502,1,1,19.99
1250,502,16,2,12.99
1251,502,2,3,74.99
1252,503,14,3,219.99
1253,503,12,2,14.99
1254,503,1,1,19.99
1255,504,3,2,29.99
1256,504,6,2,34.99
1257,504,16,1,12.99
1258,505,16,1,12.99
1259,505,7,3,24.99
1260,506,8,1,89.99
1261,506,7,3,24.99
1262,507,3,3,29.99
1263,508,18,1,18.99
1264,509,16,1,12.99
1265,509,9,3,21.99
1266,509,18,2,18.99
1267,510,2,2,74.99
1268,510,17,2,15.99
1269,511,13,1,149.99
1270,511,6,3,34.99
1271,511,15,3,22.99
1272,512,7,2,24.99
1273,513,9,1,21.99
1274,513,6,2,34.99
1275,513,18,2,18.99
1276,514,16,1,12.99
1277,514,14,2,219.99
1278,515,13,1,149.99
1279,515,9,3,21.99
1280,515,15,1,22.99
1281,516,9,1,21.99
1282,517,5,2,49.99
1283,517,18,1,18.99
1284,518,17,2,15.99
1285,518,11,2,9.99
1286,519,13,1,149.99
1287,520,9,3,21.99
1288,520,16,1,12.99
1289,521,12,2,14.99
1290,521,18,1,18.99
1291,521,9,2,21.99
1292,522,18,2,18.99
1293,522,6,2,34.99
1294,523,15,2,22.99
1295,523,3,2,29.99
1296,523,13,3,149.99
1297,523,10,1,27.99
1298,524,13,2,149.99
1299,524,3,1,29.99
1300,524,17,2,15.99
1301,524,16,2,12.99
1302,525,9,3,21.99
1303,525,15,3,22.99
1304,525,12,2,14.99
1305,525,16,2,12.99
1306,526,8,3,89.99
1307,526,9,3,21.99
1308,527,13,1,149.99
1309,527,4,1,39.99
1310,528,13,3,149.99
1311,529,5,2,49.99
1312,529,3,1,29.99
1313,529,13,1,149.99
1314,530,5,1,49.99
1315,530,17,1,15.99
1316,531,16,3,12.99
1317,531,15,2,22.99
1318,531,9,1,21.99
1319,532,14,2,219.99
1320,532,17,2,15.99
1321,532,10,3,27.99
1322,532,15,1,22.99
1323,533,14,2,219.99
1324,533,9,1,21.99
1325,533,5,1,49.99
1326,534,10,3,27.99
1327,534,16,2,12.99
1328,534,1,2,19.99
1329,535,8,1,89.99
1330,535,1,2,19.99
1331,535,12,3,14.99
1332,536,13,1,149.99
1333,536,18,2,18.99
1334,537,10,1,27.99
1335,537,9,1,21.99
1336,537,14,1,219.99
1337,538,15,2,22.99
1338,538,9,1,21.99
1339,538,16,1,12.99
1340,538,4,1,39.99
1341,539,10,2,27.99
1342,540,8,1,89.99
1343,541,11,2,9.99
1344,541,14,2,219.99
1345,542,3,2,29.99
1346,542,5,2,49.99
1347,542,2,1,74.99
1348,543,9,1,21.99
1349,543,13,1,149.99
1350,544,15,2,22.99
1351,544,8,3,89.99
1352,544,2,1,74.99
1353,544,4,3,39.99
1354,545,10,3,27.99
1355,545,11,1,9.99
1356,545,6,3,34.99
1357,545,17,3,15.99
1358,546,10,1,27.99
1359,546,7,3,24.99
1360,546,12,1,14.99
1361,546,15,1,22.99
1362,547,1,3,19.99
1363,547,6,1,34.99
1364,547,9,2,21.99
1365,548,5,1,49.99
1366,548,12,2,14.99
1367,548,3,1,29.99
1368,548,4,3,39.99
1369,549,12,3,14.99
1370,550,5,2,49.99
1371,551,15,3,22.99
1372,551,7,2,24.99
1373,551,1,2,19.99
1374,552,16,3,12.99
1375,553,7,3,24.99
1376,553,6,2,34.99
1377,553,12,2,14.99
1378,553,17,3,15.99
1379,554,15,2,22.99
1380,554,10,3,27.99
1381,555,6,3,34.99
1382,555,1,1,19.99
1383,555,12,2,14.99
1384,555,13,3,149.99
1385,556,7,3,24.99
1386,556,17,1,15.99
1387,556,16,3,12.99
1388,556,13,2,149.99
1389,557,4,3,39.99
1390,558,6,1,34.99
1391,558,2,1,74.99
1392,559,13,3,149.99
1393,560,2,3,74.99
1394,560,12,3,14.99
1395,560,8,1,89.99
1396,561,3,3,29.99
1397,561,15,3,22.99
1398,561,2,2,74.99
1399,561,6,2,34.99
1400,562,17,2,15.99
1401,562,2,1,74.99
1402,562,3,1,29.99
1403,563,18,1,18.99
1404,563,13,1,149.99
1405,564,18,3,18.99
1406,564,14,1,219.99
1407,565,15,1,22.99
1408,565,14,1,219.99
1409,565,4,3,39.99
1410,566,18,2,18.99
1411,566,15,2,22.99
1412,567,14,3,219.99
1413,567,11,1,9.99
1414,567,8,2,89.99
1415,567,10,3,27.99
1416,568,15,1,22.99
1417,568,13,2,149.99
1418,568,1,3,19.99
1419,568,12,1,14.99
1420,569,10,1,27.99
1421,570,9,3,21.99
1422,571,4,2,39.99
1423,571,2,2,74.99
1424,572,8,2,89.99
1425,572,18,1,18.99
1426,572,9,3,21.99
1427,573,11,2,9.99
1428,574,10,1,27.99
1429,575,3,2,29.99
1430,575,2,2,74.99
1431,575,11,1,9.99
1432,575,6,1,34.99
1433,576,13,1,149.99
1434,577,18,3,18.99
1435,577,5,3,49.99
1436,577,11,1,9.99
1437,578,17,2,15.99
1438,578,3,2,29.99
1439,578,8,1,89.99
1440,578,7,1,24.99
1441,579,18,2,18.99
1442,580,5,1,49.99
1443,580,18,2,18.99
1444,580,16,2,12.99
1445,580,9,3,21.99
1446,581,8,2,89.99
1447,581,3,2,29.99
1448,582,4,3,39.99
1449,583,7,3,24.99
1450,583,11,3,9.99
1451,583,12,1,14.99
1452,584,15,1,22.99
1453,584,5,1,49.99
1454,584,18,1,18.99
1455,585,4,3,39.99
1456,586,10,2,27.99
1457,586,1,3,19.99
1458,587,1,3,19.99
1459,587,11,1,9.99
1460,587,7,1,24.99
1461,587,12,3,14.99
1462,588,5,3,49.99
1463,588,1,3,19.99
1464,588,13,1,149.99
1465,588,10,2,27.99
1466,589,9,2,21.99
1467,589,2,3,74.99
1468,590,12,2,14.99
1469,590,4,3,39.99
1470,590,1,2,19.99
1471,591,11,2,9.99
1472,592,7,2,24.99
1473,592,17,3,15.99
1474,593,17,2,15.99
1475,593,10,2,27.99
1476,594,12,3,14.99
1477,595,17,1,15.99
1478,595,9,3,21.99
1479,596,18,2,18.99
1480,597,5,3,49.99
1481,597,3,3,29.99
1482,597,13,3,149.99
1483,597,9,3,21.99
1484,598,14,3,219.99
1485,598,10,2,27.99
1486,599,5,1,49.99
1487,599,7,2,24.99
1488,600,14,3,219.99
1489,600,5,3,49.99
1490,601,6,2,34.99
1491,602,14,2,219.99
1492,602,18,3,18.99
1493,602,10,3,27.99
1494,603,4,1,39.99
1495,603,5,1,49.99
1496,604,8,3,89.99
1497,604,18,1,18.99
1498,604,17,2,15.99
1499,605,17,3,15.99
1500,605,16,3,12.99
1501,606,16,1,12.99
1502,606,5,1,49.99
1503,606,6,2,34.99
1504,606,4,1,39.99
1505,607,7,1,24.99
1506,607,3,2,29.99
1507,608,8,1,89.99
1508,608,14,3,219.99
1509,608,13,3,149.99
1510,608,16,2,12.99
1511,609,17,1,15.99
1512,610,17,3,15.99
1513,610,13,1,149.99
1514,611,7,2,24.99
1515,612,15,2,22.99
1516,612,6,3,34.99
1517,612,14,1,219.99
1518,613,15,3,22.99
1519,613,3,3,29.99
1520,613,4,3,39.99
1521,613,17,1,15.99
1522,614,1,3,19.99
1523,614,6,1,34.99
1524,614,15,2,22.99
1525,614,10,1,27.99
1526,615,3,1,29.99
1527,616,17,3,15.99
1528,617,13,1,149.99
1529,617,18,1,18.99
1530,618,5,3,49.99
1531,618,6,1,34.99
1532,619,10,1,27.99
1533,619,6,1,34.99
1534,619,4,1,39.99
1535,619,15,3,22.99
1536,620,16,2,12.99
1537,620,18,1,18.99
1538,620,1,1,19.99
1539,620,10,3,27.99
1540,621,15,3,22.99
1541,621,3,2,29.99
1542,621,1,3,19.99
1543,621,4,3,39.99
1544,622,6,1,34.99
1545,623,5,1,49.99
1546,624,11,1,9.99
1547,624,3,2,29.99
1548,624,2,1,74.99
1549,625,15,1,22.99
1550,625,12,1,14.99
1551,626,13,3,149.99
1552,626,3,1,29.99
1553,626,14,2,219.99
1554,627,11,3,9.99
1555,627,17,1,15.99
1556,627,14,3,219.99
1557,628,17,1,15.99
1558,629,14,3,219.99
1559,629,11,3,9.99
1560,629,9,3,21.99
1561,630,17,1,15.99
1562,630,16,3,12.99
1563,630,18,1,18.99
1564,630,13,3,149.99
1565,631,1,2,19.99
1566,632,14,1,219.99
1567,632,18,2,18.99
1568,633,7,3,24.99
1569,634,10,1,27.99
1570,634,17,1,15.99
1571,634,11,3,9.99
1572,635,6,1,34.99
1573,636,16,1,12.99
1574,636,2,3,74.99
1575,636,5,2,49.99
1576,636,8,3,89.99
1577,637,17,2,15.99
1578,638,7,3,24.99
1579,639,5,2,49.99
1580,640,13,3,149.99
1581,640,6,1,34.99
1582,641,9,2,21.99
1583,642,15,3,22.99
1584,642,10,2,27.99
1585,642,7,1,24.99
1586,643,3,3,29.99
1587,643,15,1,22.99
1588,644,7,2,24.99
1589,644,11,3,9.99
1590,645,4,3,39.99
1591,645,17,1,15.99
1592,646,13,2,149.99
1593,646,17,1,15.99
1594,646,4,3,39.99
1595,646,1,3,19.99
1596,647,4,3,39.99
1597,648,10,3,27.99
1598,649,10,3,27.99
1599,649,9,2,21.99
1600,650,5,1,49.99
1601,650,6,1,34.99
1602,650,9,3,21.99
1603,651,18,3,18.99
1604,651,12,2,14.99
1605,652,6,2,34.99
1606,652,3,3,29.99
1607,653,5,1,49.99
1608,654,13,1,149.99
1609,655,15,2,22.99
1610,655,12,2,14.99
1611,656,15,3,22.99
1612,657,15,2,22.99
1613,658,8,3,89.99
1614,658,18,2,18.99
1615,658,5,2,49.99
1616,658,14,2,219.99
1617,659,15,1,22.99
1618,659,16,2,12.99
1619,659,1,1,19.99
1620,660,10,3,27.99
1621,660,12,3,14.99
1622,661,4,2,39.99
1623,661,11,3,9.99
1624,661,3,2,29.99
1625,661,13,2,149.99
1626,662,18,2,18.99
1627,662,6,2,34.99
1628,663,14,3,219.99
1629,663,11,3,9.99
1630,663,8,1,89.99
1631,663,3,3,29.99
1632,664,15,2,22.99
1633,665,10,1,27.99
1634,665,13,3,149.99
1635,666,11,1,9.99
1636,666,16,1,12.99
1637,666,2,3,74.99
1638,666,17,3,15.99
1639,667,15,2,22.99
1640,667,10,3,27.99
1641,668,11,3,9.99
1642,668,10,3,27.99
1643,669,3,1,29.99
1644,669,1,2,19.99
1645,669,13,1,149.99
1646,670,1,3,19.99
1647,671,10,1,27.99
1648,672,11,2,9.99
1649,672,13,3,149.99
1650,672,17,1,15.99
1651,672,7,3,24.99
1652,673,18,2,18.99
1653,673,13,2,149.99
1654,674,1,3,19.99
1655,674,3,1,29.99
1656,675,5,2,49.99
1657,675,3,2,29.99
1658,675,18,3,18.99
1659,675,11,3,9.99
1660,676,17,2,15.99
1661,676,14,1,219.99
1662,676,15,1,22.99
1663,676,7,2,24.99
1664,677,8,3,89.99
1665,677,17,3,15.99
1666,677,9,2,21.99
1667,677,7,1,24.99
1668,678,4,1,39.99
1669,678,16,3,12.99
1670,678,3,3,29.99
1671,679,17,2,15.99
1672,679,3,3,29.99
1673,679,18,3,18.99
1674,679,4,3,39.99
1675,680,2,2,74.99
1676,680,11,2,9.99
1677,680,1,3,19.99
1678,681,12,1,14.99
1679,681,10,3,27.99
1680,681,17,3,15.99
1681,681,3,3,29.99
1682,682,2,3,74.99
1683,682,16,1,12.99
1684,682,6,3,34.99
1685,683,10,2,27.99
1686,684,9,2,21.99
1687,685,9,3,21.99
1688,685,1,1,19.99
1689,685,4,3,39.99
1690,686,6,2,34.99
1691,686,9,1,21.99
1692,686,8,3,89.99
1693,687,5,2,49.99
1694,687,16,2,12.99
1695,688,7,1,24.99
1696,688,12,3,14.99
1697,689,6,2,34.99
1698,690,18,3,18.99
1699,690,8,2,89.99
1700,690,13,2,149.99
1701,690,11,2,9.99
1702,691,10,2,27.99
1703,692,4,3,39.99
1704,693,11,1,9.99
1705,693,9,2,21.99
1706,693,17,3,15.99
1707,694,7,2,24.99
1708,694,17,3,15.99
1709,695,1,1,19.99
1710,696,15,2,22.99
1711,697,7,3,24.99
1712,697,2,1,74.99
1713,697,1,1,19.99
1714,698,4,1,39.99
1715,699,4,2,39.99
1716,699,6,2,34.99
1717,700,9,1,21.99
1718,700,14,1,219.99
1719,700,11,2,9.99
1720,700,5,1,49.99
1721,701,9,2,21.99
1722,702,7,2,24.99
1723,702,13,1,149.99
1724,702,6,1,34.99
1725,702,11,3,9.99
1726,703,15,3,22.99
1727,704,3,3,29.99
1728,705,16,1,12.99
1729,706,13,2,149.99
1730,707,1,2,19.99
1731,707,17,2,15.99
1732,707,16,3,12.99
1733,707,8,1,89.99
1734,708,16,3,12.99
1735,708,4,2,39.99
1736,708,12,2,14.99
1737,708,6,1,34.99
1738,709,18,2,18.99
1739,709,11,2,9.99
1740,709,3,3,29.99
1741,710,13,3,149.99
1742,711,12,2,14.99
1743,712,5,1,49.99
1744,712,2,1,74.99
1745,713,13,3,149.99
1746,713,3,2,29.99
1747,713,10,1,27.99
1748,713,8,1,89.99
1749,714,13,1,149.99
1750,715,18,1,18.99
1751,715,5,1,49.99
1752,715,8,3,89.99
1753,715,15,1,22.99
1754,716,2,1,74.99
1755,716,8,3,89.99
1756,716,5,1,49.99
1757,716,1,2,19.99
1758,717,3,1,29.99
1759,717,4,2,39.99
1760,718,3,2,29.99
1761,718,7,2,24.99
1762,719,4,1,39.99
1763,719,5,1,49.99
1764,719,11,3,9.99
1765,720,9,1,21.99
1766,721,18,1,18.99
1767,721,6,3,34.99
1768,721,15,1,22.99
1769,722,6,1,34.99
1770,722,1,1,19.99
1771,722,16,1,12.99
1772,722,2,1,74.99
1773,723,14,1,219.99
1774,723,16,1,12.99
1775,723,5,3,49.99
1776,724,8,1,89.99
1777,724,6,3,34.99
1778,724,2,2,74.99
1779,724,10,3,27.99
1780,725,14,1,219.99
1781,725,1,1,19.99
1782,725,8,3,89.99
1783,726,15,2,22.99
1784,726,7,1,24.99
1785,727,16,1,12.99
1786,727,6,1,34.99
1787,727,17,3,15.99
1788,727,11,2,9.99
1789,728,11,1,9.99
1790,728,15,3,22.99
1791,728,2,1,74.99
1792,729,16,3,12.99
1793,730,11,3,9.99
1794,730,14,2,219.99
1795,730,7,1,24.99
1796,730,12,1,14.99
1797,731,14,2,219.99
1798,731,7,1,24.99
1799,732,2,3,74.99
1800,732,14,2,219.99
1801,732,5,1,49.99
1802,732,4,2,39.99
1803,733,12,1,14.99
1804,733,9,2,21.99
1805,734,9,1,21.99
1806,735,14,2,219.99
1807,735,6,3,34.99
1808,735,11,1,9.99
1809,735,4,3,39.99
1810,736,3,3,29.99
1811,736,14,2,219.99
1812,737,9,1,21.99
1813,737,1,1,19.99
1814,737,14,2,219.99
1815,737,12,2,14.99
1816,738,1,1,19.99
1817,738,14,1,219.99
1818,739,14,3,219.99
1819,740,16,1,12.99
1820,740,8,3,89.99
1821,740,3,3,29.99
1822,740,9,2,21.99
1823,741,8,2,89.99
1824,741,3,3,29.99
1825,741,1,2,19.99
1826,742,15,2,22.99
1827,743,12,3,14.99
1828,743,15,3,22.99
1829,744,11,2,9.99
1830,744,17,2,15.99
1831,744,2,3,74.99
1832,744,5,3,49.99
1833,745,11,3,9.99
1834,746,4,2,39.99
1835,747,12,2,14.99
1836,748,18,3,18.99
1837,749,8,3,89.99
1838,749,4,3,39.99
1839,749,16,3,12.99
1840,750,12,2,14.99
1841,750,9,1,21.99
1842,750,14,1,219.99
1843,751,17,3,15.99
1844,751,18,3,18.99
1845,751,4,3,39.99
1846,751,8,3,89.99
1847,752,3,1,29.99
1848,752,7,1,24.99
1849,752,15,2,22.99
1850,753,6,2,34.99
1851,754,5,2,49.99
1852,754,7,3,24.99
1853,754,1,3,19.99
1854,754,18,1,18.99
1855,755,1,1,19.99
1856,755,10,1,27.99
1857,755,7,3,24.99
1858,755,2,3,74.99
1859,756,11,2,9.99
1860,756,16,2,12.99
1861,756,15,3,22.99
1862,757,9,2,21.99
1863,757,8,2,89.99
1864,758,12,2,14.99
1865,758,10,1,27.99
1866,759,6,1,34.99
1867,759,18,1,18.99
1868,759,5,1,49.99
1869,760,15,2,22.99
1870,760,9,1,21.99
1871,761,12,2,14.99
1872,761,5,3,49.99
1873,761,18,1,18.99
1874,762,13,2,149.99
1875,763,5,3,49.99
1876,763,1,3,19.99
1877,763,11,2,9.99
1878,764,15,3,22.99
1879,764,11,1,9.99
1880,765,18,2,18.99
1881,765,4,1,39.99
1882,766,12,3,14.99
1883,766,3,3,29.99
1884,766,11,1,9.99
1885,766,1,3,19.99
1886,767,1,3,19.99
1887,767,3,2,29.99
1888,768,7,3,24.99
1889,768,16,3,12.99
1890,768,11,1,9.99
1891,768,10,3,27.99
1892,769,12,2,14.99
1893,769,13,2,149.99
1894,769,18,2,18.99
1895,769,1,2,19.99
1896,770,7,3,24.99
1897,771,10,2,27.99
1898,771,6,1,34.99
1899,771,14,3,219.99
1900,771,12,3,14.99
1901,772,16,1,12.99
1902,772,17,3,15.99
1903,772,11,2,9.99
1904,773,14,3,219.99
1905,773,6,3,34.99
1906,773,15,1,22.99
1907,774,18,2,18.99
1908,774,16,3,12.99
1909,774,2,2,74.99
1910,775,1,1,19.99
1911,775,18,2,18.99
1912,776,10,2,27.99
1913,777,4,2,39.99
1914,778,16,3,12.99
1915,778,14,3,219.99
1916,778,9,2,21.99
1917,779,17,1,15.99
1918,779,1,3,19.99
1919,779,9,1,21.99
1920,780,12,1,14.99
1921,780,6,2,34.99
1922,781,10,2,27.99
1923,782,6,3,34.99
1924,782,4,1,39.99
1925,783,9,3,21.99
1926,783,12,3,14.99
1927,783,4,2,39.99
1928,784,12,2,14.99
1929,784,16,1,12.99
1930,784,14,1,219.99
1931,785,7,3,24.99
1932,785,17,3,15.99
1933,786,15,1,22.99
1934,786,3,1,29.99
1935,786,4,2,39.99
1936,786,14,2,219.99
1937,787,15,2,22.99
1938,787,17,1,15.99
1939,788,8,1,89.99
1940,789,5,1,49.99
1941,789,7,2,24.99
1942,789,18,3,18.99
1943,790,1,2,19.99
1944,791,4,3,39.99
1945,791,2,3,74.99
1946,792,9,1,21.99
1947,793,4,3,39.99
1948,794,12,1,14.99
1949,794,1,1,19.99
1950,795,12,3,14.99
1951,795,6,3,34.99
1952,795,8,1,89.99
1953,796,17,1,15.99
1954,797,18,3,18.99
1955,797,1,1,19.99
1956,798,12,1,14.99
1957,798,6,1,34.99
1958,798,15,2,22.99
1959,798,11,2,9.99
1960,799,14,2,219.99
1961,799,4,1,39.99
1962,800,16,3,12.99
1963,800,12,2,14.99
1964,801,11,2,9.99
1965,802,10,2,27.99
1966,802,15,2,22.99
1967,802,8,2,89.99
1968,802,9,1,21.99
1969,803,6,3,34.99
1970,803,1,1,19.99
1971,803,16,2,12.99
1972,804,5,2,49.99
1973,805,6,1,34.99
1974,806,13,1,149.99
1975,806,4,2,39.99
1976,807,13,3,149.99
1977,807,12,3,14.99
1978,807,16,2,12.99
1979,808,15,1,22.99
1980,808,4,2,39.99
1981,809,1,3,19.99
1982,809,4,1,39.99
1983,810,13,1,149.99
1984,810,11,2,9.99
1985,811,17,2,15.99
1986,812,16,2,12.99
1987,812,17,3,15.99
1988,812,9,3,21.99
1989,812,18,1,18.99
1990,813,13,2,149.99
1991,814,15,3,22.99
1992,814,2,3,74.99
1993,814,17,2,15.99
1994,814,3,3,29.99
1995,815,10,2,27.99
1996,815,13,1,149.99
1997,816,16,2,12.99
1998,816,6,2,34.99
1999,816,2,3,74.99
2000,816,7,2,24.99
2001,817,11,3,9.99
2002,817,2,1,74.99
2003,817,1,1,19.99
2004,818,11,2,9.99
2005,819,14,3,219.99
2006,819,12,1,14.99
2007,819,2,1,74.99
2008,820,3,2,29.99
2009,821,18,2,18.99
2010,822,9,1,21.99
2011,822,1,2,19.99
2012,822,16,2,12.99
2013,822,10,3,27.99
2014,823,16,1,12.99
2015,824,16,1,12.99
2016,824,17,3,15.99
2017,824,11,2,9.99
2018,825,3,1,29.99
2019,825,7,2,24.99
2020,825,10,3,27.99
2021,825,5,2,49.99
2022,826,11,2,9.99
2023,827,14,1,219.99
2024,827,7,3,24.99
2025,827,12,2,14.99
2026,827,13,3,149.99
2027,828,7,2,24.99
2028,828,14,3,219.99
2029,828,13,3,149.99
2030,829,1,1,19.99
2031,829,17,3,15.99
2032,830,18,3,18.99
2033,830,14,1,219.99
2034,830,2,2,74.99
2035,831,10,2,27.99
2036,831,14,2,219.99
2037,832,9,3,21.99
2038,832,10,3,27.99
2039,832,6,1,34.99
2040,832,5,2,49.99
2041,833,1,2,19.99
2042,833,8,2,89.99
2043,834,2,1,74.99
2044,834,7,1,24.99
2045,834,6,2,34.99
2046,834,5,2,49.99
2047,835,16,1,12.99
2048,836,10,2,27.99
2049,836,3,3,29.99
2050,836,14,3,219.99
2051,837,4,1,39.99
2052,837,17,3,15.99
2053,838,16,3,12.99
2054,838,3,1,29.99
2055,838,8,2,89.99
2056,839,8,1,89.99
2057,839,14,1,219.99
2058,839,7,1,24.99
2059,839,3,2,29.99
2060,840,16,3,12.99
2061,841,18,3,18.99
2062,841,14,1,219.99
2063,841,16,2,12.99
2064,842,10,3,27.99
2065,842,1,3,19.99
2066,842,2,1,74.99
2067,843,18,3,18.99
2068,843,13,3,149.99
2069,843,10,2,27.99
2070,844,15,1,22.99
2071,844,13,2,149.99
2072,845,10,1,27.99
2073,845,7,2,24.99
2074,846,9,1,21.99
2075,847,11,1,9.99
2076,847,14,3,219.99
2077,847,4,2,39.99
2078,847,17,3,15.99
2079,848,15,3,22.99
2080,848,1,3,19.99
2081,848,2,1,74.99
2082,849,13,1,149.99
2083,850,4,1,39.99
2084,851,11,3,9.99
2085,851,15,1,22.99
2086,851,16,2,12.99
2087,851,14,1,219.99
2088,852,7,2,24.99
2089,852,3,1,29.99
2090,852,14,2,219.99
2091,853,1,3,19.99
2092,853,18,3,18.99
2093,854,15,1,22.99
2094,855,13,3,149.99
2095,856,3,1,29.99
2096,856,12,3,14.99
2097,857,15,3,22.99
2098,857,16,1,12.99
2099,857,4,1,39.99
2100,857,17,2,15.99
2101,858,5,1,49.99
2102,858,14,2,219.99
2103,858,7,3,24.99
2104,858,10,3,27.99
2105,859,5,1,49.99
2106,859,1,3,19.99
2107,859,10,2,27.99
2108,859,18,1,18.99
2109,860,1,2,19.99
2110,861,7,3,24.99
2111,861,13,2,149.99
2112,861,14,1,219.99
2113,861,12,1,14.99
2114,862,8,3,89.99
2115,862,16,3,12.99
2116,862,12,3,14.99
2117,863,9,3,21.99
2118,864,12,1,14.99
2119,864,5,2,49.99
2120,864,2,1,74.99
2121,864,10,3,27.99
2122,865,3,3,29.99
2123,865,11,3,9.99
2124,866,11,1,9.99
2125,867,14,3,219.99
2126,867,10,2,27.99
2127,867,9,3,21.99
2128,868,16,1,12.99
2129,868,5,1,49.99
2130,868,15,1,22.99
2131,869,16,2,12.99
2132,870,4,2,39.99
2133,870,16,3,12.99
2134,870,2,3,74.99
2135,870,8,2,89.99
2136,871,4,1,39.99
2137,871,12,1,14.99
2138,872,7,2,24.99
2139,872,1,1,19.99
2140,872,6,1,34.99
2141,873,1,2,19.99
2142,873,10,2,27.99
2143,873,4,3,39.99
2144,874,1,2,19.99
2145,874,3,3,29.99
2146,875,1,3,19.99
2147,875,11,3,9.99
2148,875,2,2,74.99
2149,876,7,3,24.99
2150,876,2,2,74.99
2151,877,18,3,18.99
2152,878,6,1,34.99
2153,878,8,1,89.99
2154,878,13,1,149.99
2155,879,5,2,49.99
2156,879,4,2,39.99
2157,879,10,3,27.99
2158,880,12,2,14.99
2159,880,4,3,39.99
2160,881,16,2,12.99
2161,881,9,2,21.99
2162,881,14,3,219.99
2163,881,2,1,74.99
2164,882,2,3,74.99
2165,883,16,3,12.99
2166,883,17,3,15.99
2167,884,14,1,219.99
2168,884,3,1,29.99
2169,884,16,3,12.99
2170,884,5,2,49.99
2171,885,2,3,74.99
2172,885,3,1,29.99
2173,885,18,3,18.99
2174,886,9,1,21.99
2175,886,12,3,14.99
2176,886,18,1,18.99
2177,886,10,1,27.99
2178,887,6,1,34.99
2179,887,13,1,149.99
2180,888,15,2,22.99
2181,888,18,1,18.99
2182,888,9,1,21.99
2183,889,4,1,39.99
2184,889,14,2,219.99
2185,889,1,1,19.99
2186,890,13,3,149.99
2187,890,16,2,12.99
2188,890,10,3,27.99
2189,890,17,3,15.99
2190,891,3,1,29.99
2191,891,5,1,49.99
2192,891,17,1,15.99
2193,892,7,2,24.99
2194,893,18,2,18.99
2195,893,7,1,24.99
2196,893,3,2,29.99
2197,893,5,2,49.99
2198,894,15,2,22.99
2199,894,16,1,12.99
2200,895,10,1,27.99
2201,895,13,2,149.99
2202,896,16,2,12.99
2203,896,10,2,27.99
2204,896,2,3,74.99
2205,896,8,3,89.99
2206,897,2,1,74.99
2207,897,17,2,15.99
2208,898,9,3,21.99
2209,899,16,3,12.99
2210,900,1,1,19.99
2211,900,6,2,34.99
2212,900,10,2,27.99
2213,900,12,2,14.99
